Título,Preço Original,Desconto,Disponibilidade
Azumanga Daioh - Volume 03,"R$ 16,90",,Disponível
Mo Dao Zu Shi: Comics - Volume 02,"R$ 69,90","R$ 55,90",Disponível
GTO - Volume 04,"R$ 24,90",,Disponível
Made in Abyss - Volume 11,"R$ 36,90","R$ 29,50",Disponível
O cara que estou a fim não é um cara?! - Volume 1,"R$ 39,90","R$ 31,90",Disponível
Azumanga Daioh - Volume 04,"R$ 16,90","R$ 11,83",Disponível
Made in Abyss - Volume 02,"R$ 21,90","R$ 15,33",Disponível
Made in Abyss - Volume 01,"R$ 39,90","R$ 35,90",Disponível
GTO - Volume 22,"R$ 36,90","R$ 25,83",Disponível
Azumanga Daioh - Volume 02,"R$ 16,90","R$ 11,83",Disponível
Azumanga Daioh - Volume 01,"R$ 16,90","R$ 11,83",Disponível
Made in Abyss - Volume 09,"R$ 24,90","R$ 17,43",Disponível
Made in Abyss - Volume 05,"R$ 21,90","R$ 15,33",Disponível
Made in Abyss - Volume 04,"R$ 21,90","R$ 15,33",Disponível
Terra das Gemas (Houseki no Kuni): Volume 10,"R$ 32,90","R$ 26,32",Disponível
Mushishi: Volume 5 (Final),"R$ 84,90","R$ 67,92",Disponível
GTO - Volume 24,"R$ 39,90","R$ 31,92",Disponível
GTO - Volume 23,"R$ 39,90","R$ 31,90",Disponível
GTO - Volume 21,"R$ 36,90","R$ 25,83",Disponível
Made in Abyss - Volume 10,"R$ 34,90","R$ 24,43",Disponível
GTO - Volume 01,"R$ 39,90","R$ 35,90",Disponível
Suicide Club,"R$ 34,90","R$ 24,43",Disponível
Record of Ragnarok: Volume 01 (Shuumatsu no Valkyrie),"R$ 29,90","R$ 20,93",Disponível
A Voz do Silêncio (Edição Definitiva) - Volume 3 - c/ marcador exclusivo,"R$ 76,90","R$ 30,00",Disponível
A Voz do Silêncio (Edição Definitiva) - Volume 2 - c/ marcador exclusivo,"R$ 76,90","R$ 30,00",Disponível
Happiness - Volume 08,"R$ 29,90","R$ 20,93",Disponível
K-ON! - Volume 02,"R$ 14,90","R$ 10,43",Disponível
GTO - Volume 25 (Final),"R$ 39,90","R$ 31,92",Disponível
O único Destino dos Vilões é a Morte: Livro 4,"R$ 69,90","R$ 55,92",Disponível
Terra das Gemas (Houseki no Kuni): Volume 08,"R$ 32,90","R$ 23,03",Disponível
O único Destino dos Vilões é a Morte: Livro 1,"R$ 69,90","R$ 48,93",Disponível
GTO - Volume 03,"R$ 39,90","R$ 35,90",Disponível
Made in Abyss - Volume 08,"R$ 21,90","R$ 15,33",Disponível
Made in Abyss - Volume 07,"R$ 21,90","R$ 15,33",Disponível
No Game No Life - Livro 10,"R$ 26,90","R$ 18,83",Disponível
Made in Abyss - Volume 06,"R$ 21,90","R$ 15,33",Disponível
Oriko Magica - Volume 02,"R$ 12,00","R$ 8,40",Disponível
Mo Dao Zu Shi: Comics - Volume 03,"R$ 69,90","R$ 55,90",Disponível
GTO - Volume 08,"R$ 24,90","R$ 17,43",Disponível
MADK: Volume 3 (Final),"R$ 39,90","R$ 31,92",Disponível
Given - Volume 09 (Final),"R$ 42,90","R$ 34,32",Disponível
O único Destino dos Vilões é a Morte: Volume 3,"R$ 79,90","R$ 63,92",Disponível
MADK: Volume 2,"R$ 39,90","R$ 31,92",Disponível
"No Game No Life, Desu! vol. 04","R$ 16,00","R$ 5,00",Disponível
"No Game No Life, Desu! vol. 03","R$ 16,00","R$ 5,00",Disponível
Happiness - Volume 01,"R$ 29,90","R$ 20,93",Disponível
A Estrela do Hentai - Volume 02,"R$ 21,90","R$ 5,00",Disponível
Terra das Gemas (Houseki no Kuni): Volume 09,"R$ 32,90","R$ 23,03",Disponível
O único Destino dos Vilões é a Morte: Livro 3,"R$ 69,90","R$ 48,93",Disponível
No Game No Life - Livro 11,"R$ 38,90","R$ 27,23",Disponível
O único Destino dos Vilões é a Morte: Livro 2,"R$ 69,90","R$ 48,93",Disponível
Terra das Gemas (Houseki no Kuni): Volume 05,"R$ 32,90","R$ 23,03",Disponível
A Voz do Silêncio (Edição Definitiva) - Volume 4 - c/ marcador exclusivo,"R$ 79,90","R$ 30,00",Disponível
Given - Volume 01,"R$ 29,90","R$ 20,93",Disponível
Madoka Magica: Different Story - Volume 02,"R$ 12,00","R$ 7,00",Disponível
Madoka Magica: Different Story - Volume 01,"R$ 12,00","R$ 7,00",Disponível
GTO - Volume 12,"R$ 24,90","R$ 17,43",Disponível
Madoka Magica - The Novel,"R$ 39,90","R$ 27,93",Disponível
Um Sinal de Afeto: Volume 4,"R$ 36,90","R$ 29,52",Disponível
Zero no Tsukaima (Mangá): Volume 7,"R$ 39,90","R$ 31,90",Disponível
Zero no Tsukaima (Mangá): Volume 6,"R$ 39,90","R$ 31,90",Disponível
Zero no Tsukaima (Mangá): Volume 5,"R$ 39,90","R$ 31,90",Disponível
Cavaleiros do Zodíaco - Episódio G: Volume 04,"R$ 36,90","R$ 29,50",Disponível
As Flores do Mal (Aku no Hana) - Volume 09,"R$ 31,90","R$ 25,50",Disponível
Record of Ragnarok: Volume 10 (Shuumatsu no Valkyrie),"R$ 39,90","R$ 31,92",Disponível
Happiness - Volume 03,"R$ 29,90","R$ 20,93",Disponível
Happiness - Volume 02,"R$ 29,90","R$ 20,93",Disponível
Alec Apresenta: Histórias Diversas,"R$ 69,90","R$ 55,92",Disponível
Cavaleiros do Zodíaco - Episódio G: Volume 03,"R$ 36,90","R$ 25,83",Disponível
The Beginning After the End - Volume 02 (Full Color),"R$ 69,90","R$ 48,93",Disponível
"No Game No Life, Desu! vol. 02","R$ 16,00","R$ 5,00",Disponível
Mo Dao Zu Shi: Comics - Volume 01,"R$ 69,90","R$ 48,93",Disponível
Ashita no Joe - Em Busca do Amanhã: Volume 01,"R$ 79,90","R$ 55,93",Disponível
Mushishi: Volume 1,"R$ 84,90","R$ 59,43",Disponível
The Beginning After the End - Volume 01 (Full Color),"R$ 69,90","R$ 48,93",Disponível
Pela Última Vez (Full Color),"R$ 49,90","R$ 34,93",Disponível
O único Destino dos Vilões é a Morte: Volume 1,"R$ 79,90","R$ 55,93",Disponível
Cavaleiros do Zodíaco - Episódio G: Volume 02,"R$ 36,90","R$ 25,83",Disponível
No Game No Life - Mangá Volume 02,"R$ 16,00","R$ 11,20",Disponível
Terra das Gemas (Houseki no Kuni): Volume 04,"R$ 32,90","R$ 23,03",Disponível
Madoka Magica: Homura's Revenge - Volume 2,"R$ 32,90","R$ 23,03",Disponível
Cavaleiros do Zodíaco - Episódio G: Volume 01,"R$ 36,90","R$ 25,83",Disponível
Terra das Gemas (Houseki no Kuni): Volume 03,"R$ 32,90","R$ 23,03",Disponível
Terra das Gemas (Houseki no Kuni): Volume 02,"R$ 32,90","R$ 23,03",Disponível
Loveless - Volume 06,"R$ 12,90","R$ 9,03",Disponível
No Game No Life - Livro 04,"R$ 26,90","R$ 18,83",Disponível
Gate 7 - Volume 04,"R$ 13,90","R$ 9,73",Disponível
No Café Kichijouji - Volume 04 (Segundo Preparo),"R$ 24,90","R$ 5,00",Disponível
No Café Kichijouji - Volume 03,"R$ 24,90","R$ 5,00",Disponível
Madoka Magica: Different Story - Volume 03,"R$ 12,00","R$ 7,00",Disponível
No Café Kichijouji - Volume 02,"R$ 24,90","R$ 5,00",Disponível
Ela e o seu Gato,"R$ 34,90","R$ 24,43",Disponível
Happiness - Volume 05,"R$ 29,90","R$ 20,93",Disponível
Happiness - Volume 07,"R$ 29,90","R$ 20,93",Disponível
K-ON! - Colégio,"R$ 16,90","R$ 11,83",Disponível
K-ON! - Faculdade,"R$ 16,90","R$ 11,83",Disponível
K-ON! - Volume 03,"R$ 14,90","R$ 10,43",Disponível
Gate 7 - Volume 03,"R$ 12,90","R$ 9,03",Disponível
Gate 7 - Volume 02,"R$ 12,90","R$ 9,03",Disponível
Perfect World: Volume 8,"R$ 32,90","R$ 26,32",Disponível
Meus Dias na Vila das Gaivotas: Volume 3 (Final),"R$ 39,90","R$ 31,92",Disponível
Meus Dias na Vila das Gaivotas: Volume 2,"R$ 39,90","R$ 31,92",Disponível
Canção do Amanhecer: Volume 3,"R$ 36,90","R$ 29,50",Disponível
Ashita no Joe - Em Busca do Amanhã: Volume 04,"R$ 79,90","R$ 63,90",Disponível
Um Sinal de Afeto: Volume 2,"R$ 36,90","R$ 29,52",Disponível
A Nova Ilha do Tesouro (Osamu Tezuka),"R$ 26,90","R$ 18,83",Disponível
The Beginning After the End - Volume 03 (Full Color),"R$ 69,90","R$ 55,92",Disponível
Mushishi: Volume 4,"R$ 84,90","R$ 67,92",Disponível
"Hello, Melancholic! Volume 3","R$ 36,90","R$ 29,52",Disponível
Canção do Amanhecer: Volume 2,"R$ 36,90","R$ 29,50",Disponível
"Hello, Melancholic! Volume 2","R$ 36,90","R$ 29,52",Disponível
As Flores do Mal (Aku no Hana) - Volume 07,"R$ 31,90","R$ 22,33",Disponível
Um Sinal de Afeto: Volume 1,"R$ 36,90","R$ 25,83",Disponível
Ten Count: Volume 6 (Final),"R$ 36,90","R$ 25,83",Disponível
Navillera - Volume 2 (Full Color),"R$ 79,90","R$ 55,93",Disponível
The Dangerous Convenience Store: Volume 1,"R$ 79,90","R$ 55,93",Disponível
Ashita no Joe - Em Busca do Amanhã: Volume 02,"R$ 79,90","R$ 55,93",Disponível
Ten Count: Volume 5,"R$ 36,90","R$ 25,83",Disponível
Mushishi: Volume 2,"R$ 84,90","R$ 59,43",Disponível
Ten Count: Volume 4,"R$ 36,90","R$ 25,83",Disponível
Record of Ragnarok: Volume 08 (Shuumatsu no Valkyrie),"R$ 36,90","R$ 25,83",Disponível
O único Destino dos Vilões é a Morte: Volume 2,"R$ 79,90","R$ 55,93",Disponível
Zero no Tsukaima (Mangá): Volume 4,"R$ 24,90","R$ 17,43",Disponível
Clockwork Planet: Volume 2,"R$ 32,90","R$ 23,03",Disponível
Ten Count: Volume 2,"R$ 32,90","R$ 23,03",Disponível
Clockwork Planet: Volume 1,"R$ 32,90","R$ 23,03",Disponível
On or Off: Volume 04 (Full Color),"R$ 72,90","R$ 51,03",Disponível
The King of Fighters: A New Beginning Volume 6,"R$ 32,90","R$ 23,03",Disponível
Happiness - Volume 04,"R$ 29,90","R$ 20,93",Disponível
GTO - Volume 02,"R$ 24,90","R$ 17,43",Disponível
The King of Fighters: A New Beginning Volume 4,"R$ 32,90","R$ 23,03",Disponível
Madoka Magica: Homura's Revenge - Volume 1,"R$ 32,90","R$ 23,03",Disponível
GTO - Volume 17,"R$ 32,90","R$ 23,03",Disponível
Divina Comédia: Volume 1 (Go Nagai),"R$ 72,90","R$ 51,03",Disponível
Corpse Party: Another Child - Volume 03,"R$ 14,00","R$ 5,00",Disponível
Corpse Party: Another Child - Volume 02,"R$ 14,00","R$ 9,80",Disponível
Zero no Tsukaima (Mangá): Volume 3,"R$ 24,90","R$ 17,43",Disponível
Record of Ragnarok: Volume 02 (Shuumatsu no Valkyrie),"R$ 29,90","R$ 20,93",Disponível
Links (Volume Único com Postal),"R$ 29,90","R$ 20,93",Disponível
The King of Fighters: A New Beginning Volume 1,"R$ 29,90","R$ 20,93",Disponível
Zero no Tsukaima (Mangá): Volume 2,"R$ 24,90","R$ 17,43",Disponível
Zero no Tsukaima (Mangá): Volume 1,"R$ 24,90","R$ 17,43",Disponível
Kamen Rider: Volume 1,"R$ 49,90","R$ 34,93",Disponível
Given - Volume 05,"R$ 29,90","R$ 20,93",Disponível
Given - Volume 04,"R$ 29,90","R$ 20,93",Disponível
Log Horizon - Livro 05,"R$ 34,90","R$ 24,43",Disponível
No Game No Life - Livro 05,"R$ 26,90","R$ 18,83",Disponível
Usagi Drop - Volume 07,"R$ 19,90","R$ 13,93",Disponível
GTO - Volume 13,"R$ 24,90","R$ 17,43",Disponível
Usagi Drop - Volume 06,"R$ 19,90","R$ 13,93",Disponível
Given - Volume 02,"R$ 29,90","R$ 20,93",Disponível
Coleção Street Fighter (Completo),"R$ 79,60","R$ 30,00",Disponível
Loveless - Volume 05,"R$ 12,90","R$ 9,03",Disponível
Oriko Magica - Outra História,"R$ 14,00","R$ 9,80",Disponível
Loveless - Volume 04,"R$ 12,90","R$ 9,03",Disponível
Faculdade de Mangá (Osamu Tezuka),"R$ 26,90","R$ 18,83",Disponível
GTO - Volume 09,"R$ 24,90","R$ 17,43",Disponível
Citrus - Volume 02,"R$ 18,00","R$ 12,60",Disponível
Os Filhos de Safiri,"R$ 26,90","R$ 18,83",Disponível
Oriko Magica - Volume 01,"R$ 12,00","R$ 8,40",Disponível
Loveless - Volume 03,"R$ 12,90","R$ 9,03",Disponível
Loveless - Volume 02,"R$ 12,90","R$ 9,03",Disponível
Loveless - Volume 01,"R$ 12,90","R$ 9,03",Disponível
K-ON! - Volume 04,"R$ 14,90","R$ 10,43",Disponível
GTO - Volume 11,"R$ 24,90","R$ 17,43",Disponível
GTO - Volume 10,"R$ 24,90","R$ 17,43",Disponível
Gate 7 - Volume 01,"R$ 12,90","R$ 9,03",Disponível
Camiseta Oficial GTO,"R$ 40,00","R$ 32,00",Disponível
Happiness - Volume 06,"R$ 29,90","R$ 20,93",Disponível
Pássaros que cantam não podem voar: Volume 1,"R$ 42,90","R$ 34,32",Disponível
Uma Vida Imortal (To Your Eternity) - Volume 12,"R$ 32,90","R$ 26,30",Disponível
Perfect World: Volume 9,"R$ 32,90","R$ 26,30",Disponível
Meu Ursinho Zangado,"R$ 42,90","R$ 34,30",Disponível
Um Sinal de Afeto: Volume 3,"R$ 36,90","R$ 29,52",Disponível
A Casa do Sol: Volume 6,"R$ 34,90","R$ 27,92",Disponível
Jovens Sagrados: Volume 05,"R$ 32,90","R$ 26,32",Disponível
GTO - Volume 07,"R$ 24,90","R$ 17,43",Disponível
Prelúdio do Arco-íris (Osamu Tezuka),"R$ 26,90","R$ 18,83",Disponível
A Casa do Sol: Volume 5,"R$ 34,90","R$ 27,92",Disponível
Log Horizon - Livro 04,"R$ 29,90","R$ 20,93",Disponível
Perfect World: Volume 7,"R$ 32,90","R$ 26,32",Disponível
A Noite Além da Janela Triangular: Volume 08,"R$ 36,90","R$ 29,52",Disponível
Velvet Kiss - Volume 04,"R$ 16,00","R$ 11,20",Disponível
Ashita no Joe - Em Busca do Amanhã: Volume 03,"R$ 79,90","R$ 63,90",Disponível
Rei de Lata - Volume 05,"R$ 69,90","R$ 55,90",Disponível
Record of Ragnarok: Volume 09 (Shuumatsu no Valkyrie),"R$ 39,90","R$ 31,90",Disponível
MADK: Volume 1,"R$ 39,90","R$ 31,92",Disponível
Love So Pure: Volume 1,"R$ 79,90","R$ 63,92",Disponível
Suzune Magica - Volume 03,"R$ 16,00","R$ 5,00",Disponível
Girls and Panzer - Volume 01,"R$ 16,00","R$ 11,20",Disponível
What does the Fox say? - Volume 2,"R$ 89,90","R$ 62,93",Disponível
The Dangerous Convenience Store: Volume 2,"R$ 79,90","R$ 55,93",Disponível
Uma Vida Imortal (To Your Eternity) - Volume 10,"R$ 29,90","R$ 20,93",Disponível
"Hello, Melancholic! Volume 1","R$ 36,90","R$ 25,83",Disponível
Uma Vida Imortal (To Your Eternity) - Volume 09,"R$ 29,90","R$ 20,93",Disponível
Assassin's Creed - Dynasty: Volume 1,"R$ 39,90","R$ 27,93",Disponível
Jovens Sagrados: Volume 04,"R$ 29,90","R$ 20,93",Disponível
Given - Volume 08,"R$ 39,90","R$ 27,93",Disponível
GTO - Volume 20,"R$ 36,90","R$ 25,83",Disponível
Assassin's Creed - A Lâmina de Shao Jun: Volume 1,"R$ 36,90","R$ 25,83",Disponível
What does the Fox say? - Volume 1,"R$ 89,90","R$ 62,93",Disponível
Esquadrão Secreto Gorenger,"R$ 69,90","R$ 48,93",Disponível
Jovens Sagrados: Volume 03,"R$ 29,90","R$ 20,93",Disponível
Terra das Gemas (Houseki no Kuni): Volume 07,"R$ 32,90","R$ 23,03",Disponível
Terra das Gemas (Houseki no Kuni): Volume 06,"R$ 32,90","R$ 23,03",Disponível
Ten Count: Volume 3,"R$ 32,90","R$ 23,03",Disponível
GTO - Volume 19,"R$ 32,90","R$ 23,03",Disponível
Devil Ecstasy - Volume 4,"R$ 32,90","R$ 23,03",Disponível
Log Horizon - Livro 08,"R$ 34,90","R$ 24,43",Disponível
Ten Count: Volume 1,"R$ 32,90","R$ 23,03",Disponível
Record of Ragnarok: Volume 06 (Shuumatsu no Valkyrie),"R$ 32,90","R$ 23,03",Disponível
Devil Ecstasy - Volume 3,"R$ 32,90","R$ 23,03",Disponível
Quero comer seu Pâncreas: Volume 1,"R$ 34,90","R$ 24,43",Disponível
A Noite Além da Janela Triangular: Volume 01,"R$ 34,90","R$ 24,43",Disponível
Given - Volume 07,"R$ 32,90","R$ 23,03",Disponível
The King of Fighters: A New Beginning Volume 5,"R$ 32,90","R$ 23,03",Disponível
Divina Comédia: Volume 2 (Go Nagai),"R$ 79,90","R$ 55,93",Disponível
Quero comer seu Pâncreas (Livro),"R$ 49,90","R$ 34,93",Disponível
Diário da Minha Experiência comigo Mesma: Volume 2,"R$ 29,90","R$ 20,93",Disponível
Copo Oficial Street Fighter: Chun-li,"R$ 10,00","R$ 7,00",Disponível
Copo Oficial Street Fighter: Ken,"R$ 10,00","R$ 7,00",Disponível
Lebre e Coelho: Volume 02 (Full Color),"R$ 49,90","R$ 34,93",Disponível
Devil Ecstasy - Volume 2,"R$ 32,90","R$ 23,03",Disponível
Diário da Minha Experiência comigo Mesma: Volume 1,"R$ 29,90","R$ 20,93",Disponível
Fireworks - Luzes no Céu (Mangá): Volume 2,"R$ 29,90","R$ 20,93",Disponível
Fireworks - Luzes no Céu (Mangá): Volume 1,"R$ 29,90","R$ 20,93",Disponível
The King of Fighters: A New Beginning Volume 3,"R$ 32,90","R$ 23,03",Disponível
Record of Ragnarok: Volume 04 (Shuumatsu no Valkyrie),"R$ 32,90","R$ 23,03",Disponível
No Game No Life - Livro 08,"R$ 26,90","R$ 18,83",Disponível
Log Horizon - Livro 03,"R$ 29,90","R$ 20,93",Disponível
Devil Ecstasy - Volume 1,"R$ 26,90","R$ 18,83",Disponível
The King of Fighters: A New Beginning Volume 2,"R$ 29,90","R$ 20,93",Disponível
Log Horizon - Livro 07,"R$ 34,90","R$ 24,43",Disponível
Kamen Rider Black: Volume 3,"R$ 54,90","R$ 38,43",Disponível
GTO - Volume 16,"R$ 26,90","R$ 18,83",Disponível
Kamen Rider Black: Volume 2,"R$ 54,90","R$ 38,43",Disponível
Log Horizon - Livro 06,"R$ 34,90","R$ 24,43",Disponível
Kazumi Magica: Malicia Inocente - Volume 05,"R$ 12,90","R$ 9,03",Disponível
No Game No Life - Livro 07,"R$ 26,90","R$ 18,83",Disponível
Hellbound: Profecia do Inferno - Volume 1,"R$ 54,90","R$ 38,43",Disponível
GTO - Volume 15,"R$ 26,90","R$ 18,83",Disponível
On or Off: Volume 02 (Full Color),"R$ 54,90","R$ 38,43",Disponível
Kazumi Magica: Malicia Inocente - Volume 04,"R$ 12,90","R$ 9,03",Disponível
Uma Vida Imortal (To Your Eternity) - Volume 01,"R$ 26,90","R$ 18,83",Disponível
Log Horizon - Mangá Volume 01,"R$ 14,00","R$ 9,80",Disponível
Rei de Lata - Volume 01 (Com Postal Autografado),"R$ 49,90","R$ 34,93",Disponível
Citrus - Volume 10,"R$ 18,00",,Disponível
Citrus - Volume 09,"R$ 18,00",,Disponível
Girls and Panzer - Volume 03,"R$ 16,00","R$ 11,20",Disponível
Drug-On - Volume 05,"R$ 14,00","R$ 9,80",Disponível
GTO - Volume 14,"R$ 24,90","R$ 17,43",Disponível
NO.6 - Volume 04,"R$ 14,00","R$ 9,80",Disponível
Don Dracula - Volume 02,"R$ 26,00","R$ 18,20",Disponível
NO.6 Livro 02 - Vida e Morte,"R$ 24,90","R$ 17,43",Disponível
Napping Princess - Mangá Volume 01,"R$ 18,00","R$ 12,60",Disponível
Happiness - Volume 10,"R$ 29,90","R$ 20,93",Disponível
Hetalia - Volume 05,"R$ 19,90","R$ 13,93",Disponível
Drug-On - Volume 04,"R$ 14,00","R$ 9,80",Disponível
Kazumi Magica: Malicia Inocente - Volume 01,"R$ 12,00","R$ 8,40",Disponível
Usagi Drop - Volume 05,"R$ 19,90","R$ 13,93",Disponível
Drug-On - Volume 03,"R$ 14,00","R$ 9,80",Disponível
Hetalia - Volume 06,"R$ 21,90","R$ 15,33",Disponível
Drug-On - Volume 02,"R$ 14,00","R$ 9,80",Disponível
Usagi Drop - Volume 04,"R$ 19,90","R$ 13,93",Disponível
Shakugan no Shana - Livro 01,"R$ 26,90","R$ 18,83",Disponível
Cutie Honey (Edição Histórica) com marcador de página,"R$ 94,90","R$ 66,43",Disponível
Citrus - Volume 05,"R$ 18,00","R$ 12,60",Disponível
Shakugan No Shana - Livro 03,"R$ 26,90","R$ 18,83",Disponível
Shakugan No Shana - Mangá Volume 04,"R$ 18,00","R$ 12,60",Disponível
Citrus - Volume 04,"R$ 18,00","R$ 12,60",Disponível
Napping Princess - A Minha História Que Eu Não Conhecia (Livro),"R$ 26,90","R$ 18,83",Disponível
Usagi Drop - Volume 02,"R$ 19,90","R$ 13,93",Disponível
Napping Princess - Mangá Volume 02,"R$ 18,00","R$ 12,60",Disponível
Shakugan No Shana - Mangá Volume 03,"R$ 18,00","R$ 12,60",Disponível
Street Fighter: Sakura Ganbaru! - Volume 02,"R$ 19,90","R$ 13,93",Disponível
Street Fighter: Sakura Ganbaru! - Volume 01,"R$ 19,90","R$ 13,93",Disponível
Street Fighter: Alpha - Volume 02,"R$ 19,90","R$ 13,93",Disponível
Street Fighter: Alpha - Volume 01,"R$ 19,90","R$ 13,93",Disponível
Shunkaden,"R$ 14,90","R$ 10,43",Disponível
Red Garden - Volume 04,"R$ 13,90","R$ 9,73",Disponível
Red Garden - Volume 03,"R$ 12,00","R$ 8,40",Disponível
Red Garden - Volume 02,"R$ 12,00","R$ 8,40",Disponível
O Homem de Várias Faces - Volume 02,"R$ 14,00","R$ 9,80",Disponível
O Homem de Várias Faces - Volume 01,"R$ 14,00","R$ 9,80",Disponível
Kimba: O Leão Branco - Volume 03,"R$ 24,90","R$ 17,43",Disponível
Kimba: O Leão Branco - Volume 02,"R$ 24,90","R$ 17,43",Disponível
Shakugan No Shana - Mangá Volume 02,"R$ 18,00","R$ 12,60",Disponível
Hetalia - Volume 04,"R$ 19,90","R$ 13,93",Disponível
Hetalia - Volume 03,"R$ 19,90","R$ 13,93",Disponível
A Pessoa Amada,"R$ 14,00","R$ 9,80",Disponível
Citrus - Volume 03,"R$ 18,00","R$ 12,60",Disponível
What does the Fox say? - Volume 3,"R$ 89,90","R$ 71,92",Disponível
Record of Ragnarok: Volume 11 (Shuumatsu no Valkyrie),"R$ 39,90","R$ 31,92",Disponível
Navillera - Volume 3 (Full Color),"R$ 79,90","R$ 63,90",Disponível
Meu Sangue & Ossos em uma Galáxia Fluida,"R$ 69,90","R$ 55,90",Disponível
Shakugan No Shana - Mangá Volume 01,"R$ 18,00","R$ 12,60",Disponível
Amor Imaturo: Volume 3 (Final),"R$ 39,90","R$ 31,92",Disponível
Love So Pure: Volume 2,"R$ 79,90","R$ 63,92",Disponível
Amor Imaturo: Volume 2,"R$ 39,90","R$ 31,92",Disponível
Uma Vida Imortal (To Your Eternity) - Volume 11,"R$ 32,90","R$ 26,32",Disponível
Meus Dias na Vila das Gaivotas: Volume 1,"R$ 39,90","R$ 31,92",Disponível
Amor Imaturo: Volume 1,"R$ 39,90","R$ 31,92",Disponível
As Flores do Mal (Aku no Hana) - Volume 08,"R$ 31,90","R$ 25,50",Disponível
CD Oficial - Yasashii hamono - Centimillimental,"R$ 160,00",,Disponível
Girls and Panzer - Volume 04,"R$ 16,00","R$ 11,20",Disponível
Pirates! - Volume 02,"R$ 64,90","R$ 51,90",Disponível
Girls and Panzer - Volume 02,"R$ 16,00","R$ 11,20",Disponível
GTO - Volume 06,"R$ 24,90",,Disponível
O sonho de uma Apaixonada por Livros: Volume 3,"R$ 89,90","R$ 62,93",Disponível
O Horizonte: Volume 3 (Final),"R$ 82,90","R$ 58,03",Disponível
A Noite Além da Janela Triangular: Volume 07,"R$ 36,90","R$ 25,83",Disponível
Mushishi: Volume 3,"R$ 84,90","R$ 59,43",Disponível
Canção do Amanhecer: Volume 1,"R$ 36,90","R$ 25,83",Disponível
Assassin's Creed - Dynasty: Volume 2,"R$ 39,90","R$ 27,93",Disponível
A Casa do Sol: Volume 4,"R$ 34,90","R$ 24,43",Disponível
O sonho de uma Apaixonada por Livros: Volume 2,"R$ 89,90","R$ 62,93",Disponível
O Horizonte: Volume 2,"R$ 82,90","R$ 58,03",Disponível
Assassin's Creed - A Lâmina de Shao Jun: Volume 2,"R$ 36,90","R$ 25,83",Disponível
A Noite Além da Janela Triangular: Volume 06,"R$ 36,90","R$ 25,83",Disponível
Suzune Magica - Volume 02,"R$ 16,00","R$ 11,20",Disponível
Perfect World: Volume 6,"R$ 32,90","R$ 23,03",Disponível
As Flores do Mal (Aku no Hana) - Volume 06,"R$ 31,90","R$ 22,33",Disponível
O sonho de uma Apaixonada por Livros: Volume 1,"R$ 89,90","R$ 62,93",Disponível
O Horizonte: Volume 1,"R$ 82,90","R$ 58,03",Disponível
Kimba: O Leão Branco (Edição Histórica),"R$ 149,90","R$ 104,93",Disponível
Come to Hand: Volume 1,"R$ 42,90","R$ 30,03",Disponível
A Casa do Sol: Volume 3,"R$ 34,90","R$ 24,43",Disponível
NO.6 - Volume 06,"R$ 18,00","R$ 12,60",Disponível
Minha Experiência Lésbica com a Solidão (Edição Atualizada),"R$ 39,90","R$ 27,93",Disponível
A Magia de um Retornado Tem de Ser Especial: Volume 1,"R$ 79,90","R$ 55,93",Disponível
Perfect World: Volume 5,"R$ 32,90","R$ 23,03",Disponível
As Flores do Mal (Aku no Hana) - Volume 05,"R$ 29,90","R$ 20,93",Disponível
A Noite Além da Janela Triangular: Volume 05,"R$ 36,90","R$ 25,83",Disponível
A Grande Invasão Mongol,"R$ 46,90","R$ 32,83",Disponível
Girl Friends: Volume 5,"R$ 32,90","R$ 23,03",Disponível
Girl Friends: Volume 4,"R$ 32,90","R$ 23,03",Disponível
Navillera - Volume 1 (Full Color),"R$ 74,90","R$ 52,43",Disponível
A Casa do Sol: Volume 2,"R$ 34,90","R$ 24,43",Disponível
A Noite Além da Janela Triangular: Volume 04,"R$ 34,90","R$ 24,43",Disponível
As Flores do Mal (Aku no Hana) - Volume 04,"R$ 29,90","R$ 20,93",Disponível
Record of Ragnarok: Volume 07 (Shuumatsu no Valkyrie),"R$ 32,90","R$ 23,03",Disponível
Perfect World: Volume 4,"R$ 32,90","R$ 23,03",Disponível
A Casa do Sol: Volume 1,"R$ 34,90","R$ 24,43",Disponível
Rei de Lata - Volume 04,"R$ 64,90","R$ 45,43",Disponível
Girl Friends: Volume 3,"R$ 32,90","R$ 23,03",Disponível
A Noite Além da Janela Triangular: Volume 03,"R$ 34,90","R$ 24,43",Disponível
As Flores do Mal (Aku no Hana) - Volume 03,"R$ 26,90","R$ 18,83",Disponível
Gon: Volume 4,"R$ 79,90","R$ 55,93",Disponível
Coelacanth - Conexões Profundas: Volume 2,"R$ 34,90","R$ 24,43",Disponível
Perfect World: Volume 3,"R$ 32,90","R$ 23,03",Disponível
Gon: Volume 3,"R$ 79,90","R$ 55,93",Disponível
Uma Vida Imortal (To Your Eternity) - Volume 08,"R$ 29,90","R$ 20,93",Disponível
Jovens Sagrados: Volume 02,"R$ 29,90","R$ 20,93",Disponível
Girl Friends: Volume 2,"R$ 32,90","R$ 23,03",Disponível
A Noite Além da Janela Triangular: Volume 02,"R$ 34,90","R$ 24,43",Disponível
Coelacanth - Conexões Profundas: Volume 1,"R$ 34,90","R$ 24,43",Disponível
Pirates! - Volume 01 (Com Postal Autografado),"R$ 64,90","R$ 45,43",Disponível
Girl Friends: Volume 1,"R$ 32,90","R$ 23,03",Disponível
Uma Vida Imortal (To Your Eternity) - Volume 07,"R$ 29,90","R$ 20,93",Disponível
GTO - Volume 18,"R$ 32,90","R$ 23,03",Disponível
Perfect World: Volume 2,"R$ 32,90","R$ 23,03",Disponível
Mazinger Z: Volume 3,"R$ 79,90","R$ 55,93",Disponível
"Sayonara, Futebol: Volume 2","R$ 34,90","R$ 24,43",Disponível
Gon: Volume 2,"R$ 79,90","R$ 55,93",Disponível
Quero comer seu Pâncreas: Volume 2,"R$ 34,90","R$ 24,43",Disponível
Copo Oficial Hetalia,"R$ 10,00","R$ 7,00",Disponível
Hellbound: Profecia do Inferno - Volume 2,"R$ 89,90","R$ 62,93",Disponível
Gon: Volume 1,"R$ 79,90","R$ 55,93",Disponível
"Sayonara, Futebol: Volume 1","R$ 34,90","R$ 24,43",Disponível
Given - Ilustrações,"R$ 169,90","R$ 118,93",Disponível
Professor Yukimura & Kei,"R$ 29,90","R$ 20,93",Disponível
Velvet Kiss - Volume 03,"R$ 16,00","R$ 11,20",Disponível
NO.6 Livro 05 - Aqueles Que Estão no Abismo,"R$ 24,90","R$ 17,43",Disponível
Record of Ragnarok: Volume 05 (Shuumatsu no Valkyrie),"R$ 32,90","R$ 23,03",Disponível
Perfect World: Volume 1,"R$ 32,90","R$ 23,03",Disponível
Mazinger Z: Volume 2,"R$ 79,90","R$ 55,93",Disponível
Uma Vida Imortal (To Your Eternity) - Volume 06,"R$ 29,90","R$ 20,93",Disponível
Rei de Lata - Volume 03,"R$ 59,90","R$ 41,93",Disponível
Seven Days: Volume 2,"R$ 29,90","R$ 20,93",Disponível
Seven Days: Volume 1,"R$ 29,90","R$ 20,93",Disponível
As Flores do Mal (Aku no Hana) - Volume 02,"R$ 26,90","R$ 18,83",Disponível
Jovens Sagrados: Volume 01,"R$ 29,90","R$ 20,93",Disponível
Uma Vida Imortal (To Your Eternity) - Volume 05,"R$ 29,90","R$ 20,93",Disponível
Mazinger Z: Volume 1,"R$ 72,90","R$ 51,03",Disponível
On or Off: Volume 03 (Full Color),"R$ 69,90","R$ 48,93",Disponível
As Flores do Mal (Aku no Hana) - Volume 01,"R$ 26,90","R$ 18,83",Disponível
Kamen Rider Black: Volume 1,"R$ 54,90","R$ 38,43",Disponível
Uma Vida Imortal (To Your Eternity) - Volume 04,"R$ 26,90","R$ 18,83",Disponível
Rei de Lata - Volume 02,"R$ 49,90","R$ 34,93",Disponível
NO.6 Livro 04 - Palco do Desastre,"R$ 24,90","R$ 17,43",Disponível
Kamen Rider: Volume 3,"R$ 49,90","R$ 34,93",Disponível
Uma Vida Imortal (To Your Eternity) - Volume 03,"R$ 26,90","R$ 18,83",Disponível
Uma Vida Imortal (To Your Eternity) - Volume 02,"R$ 26,90","R$ 18,83",Disponível
Kamen Rider: Volume 2,"R$ 49,90","R$ 34,93",Disponível
NO.6 - Volume 05,"R$ 18,00","R$ 12,60",Disponível
NO.6 Livro 03 - Á beira da mentira,"R$ 24,90","R$ 17,43",Disponível
Lebre e Coelho: Volume 01 (Full Color),Não disponível,Sem desconto,Avise-me
Given - Volume 06,Não disponível,Sem desconto,Avise-me
Terra das Gemas (Houseki no Kuni): Volume 01,Não disponível,Sem desconto,Avise-me
Record of Ragnarok: Volume 03 (Shuumatsu no Valkyrie),Não disponível,Sem desconto,Avise-me
No Game No Life - Livro 03,Não disponível,Sem desconto,Avise-me
Citrus - Volume 08,Não disponível,Sem desconto,Avise-me
Given - Volume 03,Não disponível,Sem desconto,Avise-me
No Game No Life - Livro 02,Não disponível,Sem desconto,Avise-me
Copo Oficial A Voz do Silêncio (Koe no Katachi),Não disponível,Sem desconto,Avise-me
Suzune Magica - Volume 01,Não disponível,Sem desconto,Avise-me
Usagi Drop - Volume 08,Não disponível,Sem desconto,Avise-me
Kazumi Magica: Malicia Inocente - Volume 02,Não disponível,Sem desconto,Avise-me
No Game No Life - Livro 06,Não disponível,Sem desconto,Avise-me
Citrus - Volume 07,Não disponível,Sem desconto,Avise-me
A Voz do Silêncio (Edição Definitiva) - Volume 1,Não disponível,Sem desconto,Avise-me
Citrus - Volume 06,Não disponível,Sem desconto,Avise-me
NO.6 - Volume 03,Não disponível,Sem desconto,Avise-me
NO.6 Livro 01 - Fuga pela Vida,Não disponível,Sem desconto,Avise-me
Happiness - Volume 09,Não disponível,Sem desconto,Avise-me
Don Dracula - Volume 01,Não disponível,Sem desconto,Avise-me
NO.6 - Volume 02,Não disponível,Sem desconto,Avise-me
Drug-On - Volume 01,Não disponível,Sem desconto,Avise-me
NO.6 - Volume 01,Não disponível,Sem desconto,Avise-me
Devilman vol. 2 (Edição Histórica) com marcador de página,Não disponível,Sem desconto,Avise-me
Devilman vol. 1 (Edição Histórica) com marcador de página,Não disponível,Sem desconto,Avise-me
Usagi Drop - Volume 03,Não disponível,Sem desconto,Avise-me
Usagi Drop - Volume 01,Não disponível,Sem desconto,Avise-me
Soel e Larg - As Aventuras de Mokona Modoki,Não disponível,Sem desconto,Avise-me
Red Garden - Volume 01,Não disponível,Sem desconto,Avise-me
No Game No Life - Livro 01,Não disponível,Sem desconto,Avise-me
No Game No Life - Mangá Volume 01,Não disponível,Sem desconto,Avise-me
Metrópolis,Não disponível,Sem desconto,Avise-me
Madoka Magica - Volume 03,Não disponível,Sem desconto,Avise-me
Madoka Magica - Volume 02,Não disponível,Sem desconto,Avise-me
K-ON! - Volume 01,Não disponível,Sem desconto,Avise-me
Hetalia - Volume 02,Não disponível,Sem desconto,Avise-me
Hetalia - Volume 01,Não disponível,Sem desconto,Avise-me
Dororo - Volume 04,Não disponível,Sem desconto,Avise-me
Dororo - Volume 03,Não disponível,Sem desconto,Avise-me
Dororo - Volume 02,Não disponível,Sem desconto,Avise-me
Dororo - Volume 01,Não disponível,Sem desconto,Avise-me
NO.6 - Volume 07,Não disponível,Sem desconto,Avise-me
Madoka Magica - Volume 01,Não disponível,Sem desconto,Avise-me
Copo Oficial GTO,Não disponível,Sem desconto,Avise-me
Made in Abyss - Volume 03,Não disponível,Sem desconto,Avise-me
NO.6 - Volume 09,Não disponível,Sem desconto,Avise-me
NO.6 - Volume 08,Não disponível,Sem desconto,Avise-me
Velvet Kiss - Volume 02,Não disponível,Sem desconto,Avise-me
Velvet Kiss - Volume 01,Não disponível,Sem desconto,Avise-me
A Estrela do Hentai - Volume 01,Não disponível,Sem desconto,Avise-me
GTO - Volume 05,Não disponível,Sem desconto,Avise-me
"No Game No Life, Desu! vol. 01",Não disponível,Sem desconto,Avise-me
Madoka Magica: The Movie Rebellion - Volume 03,Não disponível,Sem desconto,Avise-me
Madoka Magica: The Movie Rebellion - Volume 02,Não disponível,Sem desconto,Avise-me
Combo Oficial Hetalia (Balde + Copo),Não disponível,Sem desconto,Avise-me
Balde de Pipoca Oficial Hetalia,Não disponível,Sem desconto,Avise-me
Combo Street Fighter Oficial (Balde + 3 Copos),Não disponível,Sem desconto,Avise-me
Balde de Pipoca Oficial Street Fighter,Não disponível,Sem desconto,Avise-me
Copo Oficial Street Fighter: Ryu,Não disponível,Sem desconto,Avise-me
Madoka Magica: The Movie Rebellion - Volume 01,Não disponível,Sem desconto,Avise-me
Almofada Decorativa: Lebre & Coelho,Não disponível,Sem desconto,Avise-me
Usagi Drop - Volume 10,Não disponível,Sem desconto,Avise-me
Citrus - Volume 01,Não disponível,Sem desconto,Avise-me
Pinóquio,Não disponível,Sem desconto,Avise-me
Corpse Party: Another Child - Volume 01,Não disponível,Sem desconto,Avise-me
Don Dracula - Volume 03,Não disponível,Sem desconto,Avise-me
Usagi Drop - Volume 09,Não disponível,Sem desconto,Avise-me
Log Horizon - Livro 02,Não disponível,Sem desconto,Avise-me
Loveless - Volume 07,Não disponível,Sem desconto,Avise-me
On or Off: Volume 01 (Full Color),Não disponível,Sem desconto,Avise-me
Log Horizon - Livro 01,Não disponível,Sem desconto,Avise-me
Kazumi Magica: Malicia Inocente - Volume 03,Não disponível,Sem desconto,Avise-me
